batch_id,event_id,event_class,station,audited_positive_channels,usable_channels,questionable_channels,rejected_channels,request_integrity_status
2,levent-01616,artificial_impact_lm,S15,SHZ,SHZ,,,usable_integrity
2,levent-01632,deep_moonquake_assigned,S15,SHZ,SHZ,,,usable_integrity
2,levent-01754,deep_moonquake_assigned,S15,MH2;MHZ;SHZ,MH2;MHZ;SHZ,,,usable_integrity
2,levent-01756,deep_moonquake_assigned,S15,MH2;MHZ,MH2;MHZ,,,usable_integrity
2,levent-01767,natural_impact,S15,MH1;MH2;MHZ;SHZ,MH1;MH2;MHZ;SHZ,,,usable_integrity
2,levent-01780,deep_moonquake_assigned,S15,SHZ,SHZ,,,usable_integrity
2,levent-01787,deep_moonquake_assigned,S15,MH2;MHZ;SHZ,MH2;MHZ;SHZ,,,usable_integrity
2,levent-01791,natural_impact,S15,MH2;MHZ;SHZ,MH2;MHZ;SHZ,,,usable_integrity
2,levent-01794,deep_moonquake_assigned,S15,MH2;MHZ;SHZ,MH2;MHZ;SHZ,,,usable_integrity
2,levent-01796,deep_moonquake_assigned,S15,MHZ;SHZ,MHZ;SHZ,,,usable_integrity
2,levent-01797,deep_moonquake_assigned,S15,MH1;SHZ,MH1;SHZ,,,usable_integrity
2,levent-01821,natural_impact,S15,MH2;MHZ;SHZ,MH2;MHZ;SHZ,,,usable_integrity
2,levent-04639,natural_impact,S14,MH1;MH2;SHZ,MH1;MH2;SHZ,,,usable_integrity
2,levent-04641,deep_moonquake_assigned,S14,MH1;MH2,MH1;MH2,,,usable_integrity
2,levent-04646,natural_impact,S14,MH1;MH2;SHZ,MH1;MH2;SHZ,,,usable_integrity
2,levent-04662,deep_moonquake_assigned,S14,MH1;MH2;SHZ,MH1;MH2;SHZ,,,usable_integrity
2,levent-04672,deep_moonquake_assigned,S14,MH1;MH2,MH1;MH2,,,usable_integrity
2,levent-04705,natural_impact,S14,MH1;MH2;SHZ,MH1;MH2;SHZ,,,usable_integrity
2,levent-04739,natural_impact,S14,MH1;MH2;SHZ,MH1;MH2;SHZ,,,usable_integrity
2,levent-04767,natural_impact,S14,MH1;MH2,MH1;MH2,,,usable_integrity
2,levent-04869,deep_moonquake_assigned,S14,MH1;MH2;SHZ,MH1;MH2;SHZ,,,usable_integrity
2,levent-04875,deep_moonquake_assigned,S14,MH1;MH2,MH1;MH2,,,usable_integrity
2,levent-04880,deep_moonquake_assigned,S14,MH1;MH2,MH1;MH2,,,usable_integrity
2,levent-04992,deep_moonquake_assigned,S14,MH1;MH2;SHZ,MH1;MH2;SHZ,,,usable_integrity
2,levent-05002,deep_moonquake_assigned,S14,MH1;MH2,MH1;MH2,,,usable_integrity
2,levent-05044,deep_moonquake_assigned,S14,MH1;MH2,MH1;MH2,,,usable_integrity
2,levent-05045,natural_impact,S14,MH1;MH2,MH1;MH2,,,usable_integrity
2,levent-05053,deep_moonquake_assigned,S14,MH1;MH2;SHZ,MH1;MH2;SHZ,,,usable_integrity
2,levent-05128,deep_moonquake_assigned,S14,MH1;MH2;SHZ,MH1;MH2;SHZ,,,usable_integrity
2,levent-05137,natural_impact,S14,MH1;MH2,MH1;MH2,,,usable_integrity
2,levent-05160,deep_moonquake_assigned,S14,MH1;MH2;SHZ,MH1;MH2;SHZ,,,usable_integrity
2,levent-05175,deep_moonquake_assigned,S14,MH2,MH2,,,usable_integrity
2,levent-05186,deep_moonquake_assigned,S14,MH1;MH2,MH1;MH2,,,usable_integrity
2,levent-05208,natural_impact,S14,MH1;MH2;SHZ,MH1;MH2;SHZ,,,usable_integrity
2,levent-05268,natural_impact,S14,MH1;MH2;SHZ,MH1;MH2;SHZ,,,usable_integrity
2,levent-05277,natural_impact,S14,MH1;MH2;SHZ,MH1;MH2;SHZ,,,usable_integrity
2,levent-05291,deep_moonquake_assigned,S14,SHZ,SHZ,,,usable_integrity
2,levent-05356,natural_impact,S14,MH1;MH2;SHZ,MH1;MH2;SHZ,,,usable_integrity
2,levent-05362,deep_moonquake_assigned,S14,MH1;MH2,MH1;MH2,,,usable_integrity
2,levent-05363,deep_moonquake_assigned,S14,MH1;MH2;SHZ,,,MH1;MH2;SHZ,reject_integrity
2,levent-05369,natural_impact,S14,MH1;MH2;SHZ,MH1;MH2;SHZ,,,usable_integrity
2,levent-05374,deep_moonquake_assigned,S14,MH1;MH2;SHZ,MH1;MH2;SHZ,,,usable_integrity
2,levent-05378,natural_impact,S14,MH1;MH2;SHZ,MH1;MH2;SHZ,,,usable_integrity
2,levent-05381,deep_moonquake_assigned,S14,MH1;MH2,MH1;MH2,,,usable_integrity
2,levent-05400,natural_impact,S14,MH2;SHZ,MH2;SHZ,,,usable_integrity
2,levent-05401,natural_impact,S14,MH1;MH2,MH1;MH2,,,usable_integrity
2,levent-05403,natural_impact,S14,MH1;MH2,MH1;MH2,,,usable_integrity
2,levent-05443,natural_impact,S14,MH1;MH2,MH1;MH2,,,usable_integrity
2,levent-05474,deep_moonquake_assigned,S14,MH1;MH2,,,MH1;MH2,reject_integrity
2,levent-05476,deep_moonquake_assigned,S14,MH1;MH2,,,MH1;MH2,reject_integrity
2,levent-05481,artificial_impact_sivb,S14,MH1;MH2;SHZ,MH1;MH2;SHZ,,,usable_integrity
2,levent-05491,natural_impact,S14,SHZ,,SHZ,,questionable_integrity
2,levent-05496,deep_moonquake_assigned,S14,MH1;MH2,MH1;MH2,,,usable_integrity
2,levent-05506,artificial_impact_lm,S14,MH1;MH2;SHZ,MH1;MH2;SHZ,,,usable_integrity
2,levent-05537,deep_moonquake_assigned,S14,MH1;MH2,MH1;MH2,,,usable_integrity
2,levent-05541,deep_moonquake_assigned,S14,MH1;MH2;SHZ,MH1;MH2;SHZ,,,usable_integrity
2,levent-05555,deep_moonquake_assigned,S14,MH1;MH2;SHZ,MH1;MH2;SHZ,,,usable_integrity
2,levent-05566,deep_moonquake_assigned,S14,MH1;MH2,MH1;MH2,,,usable_integrity
2,levent-05570,deep_moonquake_assigned,S14,MH1;MH2,MH1;MH2,,,usable_integrity
2,levent-05617,deep_moonquake_assigned,S14,MH1;MH2,MH1;MH2,,,usable_integrity
2,levent-05619,deep_moonquake_assigned,S14,MH1;MH2;SHZ,MH1;MH2;SHZ,,,usable_integrity
2,levent-05633,deep_moonquake_assigned,S14,MH1;MH2,MH1;MH2,,,usable_integrity
2,levent-05634,deep_moonquake_assigned,S14,MH1;MH2,,,MH1;MH2,reject_integrity
2,levent-05639,deep_moonquake_assigned,S14,MH1;MH2,MH1;MH2,,,usable_integrity
2,levent-05647,natural_impact,S14,SHZ,SHZ,,,usable_integrity
2,levent-05660,deep_moonquake_assigned,S14,MH1;MH2,MH1;MH2,,,usable_integrity
2,levent-05669,deep_moonquake_assigned,S14,MH1;MH2,MH1;MH2,,,usable_integrity
2,levent-05670,deep_moonquake_assigned,S14,MH1;MH2;SHZ,MH1;MH2;SHZ,,,usable_integrity
2,levent-05710,deep_moonquake_assigned,S14,MH1;MH2,MH1;MH2,,,usable_integrity
2,levent-05734,deep_moonquake_assigned,S14,SHZ,SHZ,,,usable_integrity
2,levent-05756,natural_impact,S14,MH1;MH2;SHZ,MH1;MH2;SHZ,,,usable_integrity
2,levent-05757,natural_impact,S14,MH1;MH2;SHZ,MH1;MH2;SHZ,,,usable_integrity
2,levent-05810,deep_moonquake_assigned,S14,SHZ,SHZ,,,usable_integrity
2,levent-05818,natural_impact,S14,MH1;MH2,MH1;MH2,,,usable_integrity
2,levent-05828,deep_moonquake_assigned,S14,MH1;MH2;SHZ,MH1;MH2;SHZ,,,usable_integrity
2,levent-05830,deep_moonquake_assigned,S14,MH1;MH2;SHZ,MH1;MH2;SHZ,,,usable_integrity
2,levent-05833,natural_impact,S14,MH1;MH2;SHZ,MH1;MH2;SHZ,,,usable_integrity
2,levent-05853,natural_impact,S14,MH1;MH2;SHZ,MH1;MH2;SHZ,,,usable_integrity
2,levent-05860,deep_moonquake_assigned,S14,MH1;MH2,MH1;MH2,,,usable_integrity
2,levent-05862,deep_moonquake_assigned,S14,MH1;MH2;SHZ,MH1;MH2;SHZ,,,usable_integrity
2,levent-05888,deep_moonquake_assigned,S14,MH1;MH2;SHZ,MH1;MH2;SHZ,,,usable_integrity
2,levent-05894,natural_impact,S14,MH2;SHZ,MH2;SHZ,,,usable_integrity
2,levent-05949,natural_impact,S14,MH2,MH2,,,usable_integrity
2,levent-06027,deep_moonquake_assigned,S14,MH1;MH2;SHZ,MH1;MH2;SHZ,,,usable_integrity
2,levent-06039,deep_moonquake_assigned,S14,MH1;MH2;SHZ,MH1;MH2;SHZ,,,usable_integrity
2,levent-06041,deep_moonquake_assigned,S14,MH1;MH2;SHZ,MH1;MH2;SHZ,,,usable_integrity
2,levent-06046,deep_moonquake_assigned,S14,MH1;MH2;SHZ,MH1;MH2;SHZ,,,usable_integrity
2,levent-06048,natural_impact,S14,MH1;MH2;SHZ,MH1;MH2;SHZ,,,usable_integrity
2,levent-06100,natural_impact,S14,MH1,MH1,,,usable_integrity
2,levent-06122,natural_impact,S14,MH1;MH2;SHZ,MH1;MH2;SHZ,,,usable_integrity
2,levent-06129,natural_impact,S14,MH1;MH2;SHZ,MH1;MH2;SHZ,,,usable_integrity
2,levent-06137,natural_impact,S14,MH2,MH2,,,usable_integrity
2,levent-06142,natural_impact,S14,MH1;MH2;SHZ,MH1;MH2;SHZ,,,usable_integrity
2,levent-06168,natural_impact,S14,MH1;MH2;SHZ,MH1;MH2;SHZ,,,usable_integrity
2,levent-06181,deep_moonquake_assigned,S14,MH1;MH2,MH1;MH2,,,usable_integrity
2,levent-06197,deep_moonquake_assigned,S14,MH1;MH2,MH1;MH2,,,usable_integrity
2,levent-06217,natural_impact,S14,SHZ,SHZ,,,usable_integrity
2,levent-06219,deep_moonquake_assigned,S14,MH1;MH2;SHZ,,MH1;MH2;SHZ,,questionable_integrity
2,levent-06236,deep_moonquake_assigned,S14,MH1;MH2;SHZ,MH1;MH2;SHZ,,,usable_integrity
2,levent-06241,deep_moonquake_assigned,S14,MH1;MH2;SHZ,MH1;MH2;SHZ,,,usable_integrity
2,levent-06251,natural_impact,S14,MH1;MH2;SHZ,MH1;MH2;SHZ,,,usable_integrity
2,levent-06261,deep_moonquake_assigned,S14,MH1;MH2,MH1;MH2,,,usable_integrity
2,levent-06316,natural_impact,S14,MH1;MH2,MH1;MH2,,,usable_integrity
2,levent-06336,deep_moonquake_assigned,S14,MH1;MH2,MH1;MH2,,,usable_integrity
2,levent-06343,deep_moonquake_assigned,S14,MH1;MH2;SHZ,MH1;MH2;SHZ,,,usable_integrity
2,levent-06357,deep_moonquake_assigned,S14,MH1;MH2;SHZ,MH1;MH2;SHZ,,,usable_integrity
2,levent-06359,deep_moonquake_assigned,S14,MH1;MH2;SHZ,MH1;MH2;SHZ,,,usable_integrity
2,levent-06363,natural_impact,S14,MH1;MH2;SHZ,MH1;MH2;SHZ,,,usable_integrity
2,levent-06364,natural_impact,S14,MH1;MH2;SHZ,MH1;MH2;SHZ,,,usable_integrity
2,levent-06451,natural_impact,S14,MH1;MH2;SHZ,MH1;MH2;SHZ,,,usable_integrity
2,levent-06462,deep_moonquake_assigned,S14,MH2,MH2,,,usable_integrity
2,levent-06472,natural_impact,S14,MH1;MH2,MH1;MH2,,,usable_integrity
2,levent-06478,deep_moonquake_assigned,S14,MH1;MH2,MH1;MH2,,,usable_integrity
2,levent-06485,natural_impact,S14,MH2,MH2,,,usable_integrity
2,levent-06515,deep_moonquake_assigned,S14,MH1;MH2;SHZ,MH1;MH2;SHZ,,,usable_integrity
2,levent-06522,natural_impact,S14,MH1;MH2;SHZ,MH1;MH2;SHZ,,,usable_integrity
2,levent-06524,deep_moonquake_assigned,S14,MH1;MH2;SHZ,MH1;MH2;SHZ,,,usable_integrity
2,levent-06554,deep_moonquake_assigned,S14,MH1;MH2,MH1;MH2,,,usable_integrity
2,levent-06559,natural_impact,S14,MH1;MH2;SHZ,MH1;MH2;SHZ,,,usable_integrity
2,levent-06569,natural_impact,S14,MH1;MH2,MH1;MH2,,,usable_integrity
2,levent-06593,deep_moonquake_assigned,S14,MH1;MH2;SHZ,MH1;MH2;SHZ,,,usable_integrity
2,levent-06598,deep_moonquake_assigned,S14,MH1;MH2,MH1;MH2,,,usable_integrity
2,levent-06612,deep_moonquake_assigned,S14,MH1;MH2,MH1;MH2,,,usable_integrity
2,levent-06620,natural_impact,S14,MH1;MH2,,,MH1;MH2,reject_integrity
2,levent-06623,deep_moonquake_assigned,S14,MH2,,,MH2,reject_integrity
2,levent-06640,deep_moonquake_assigned,S14,MH1;MH2;SHZ,MH1;MH2;SHZ,,,usable_integrity
2,levent-06641,deep_moonquake_assigned,S14,MH1;MH2;SHZ,MH1;MH2;SHZ,,,usable_integrity
2,levent-06658,deep_moonquake_assigned,S14,MH1;MH2,MH1;MH2,,,usable_integrity
2,levent-06659,deep_moonquake_assigned,S14,MH1;MH2,MH1;MH2,,,usable_integrity
2,levent-06662,natural_impact,S14,MH1;MH2,MH1;MH2,,,usable_integrity
2,levent-06664,natural_impact,S14,MH1;MH2,MH1;MH2,,,usable_integrity
2,levent-06672,natural_impact,S14,MH1;MH2;SHZ,MH1;MH2;SHZ,,,usable_integrity
2,levent-06676,natural_impact,S14,MH1;MH2,MH1;MH2,,,usable_integrity
2,levent-06731,deep_moonquake_assigned,S14,MH1;MH2,MH1;MH2,,,usable_integrity
2,levent-06743,natural_impact,S14,MH1;MH2,MH1;MH2,,,usable_integrity
2,levent-06745,deep_moonquake_assigned,S14,MH1;MH2;SHZ,MH1;MH2;SHZ,,,usable_integrity
2,levent-06758,natural_impact,S14,SHZ,SHZ,,,usable_integrity
2,levent-06785,deep_moonquake_assigned,S14,MH1;MH2,MH1;MH2,,,usable_integrity
2,levent-06793,natural_impact,S14,MH1;MH2;SHZ,MH1;MH2;SHZ,,,usable_integrity
2,levent-06796,natural_impact,S14,SHZ,SHZ,,,usable_integrity
2,levent-06802,natural_impact,S14,MH1;MH2;SHZ,MH1;MH2;SHZ,,,usable_integrity
2,levent-06809,natural_impact,S14,SHZ,SHZ,,,usable_integrity
2,levent-06818,natural_impact,S14,MH2,MH2,,,usable_integrity
2,levent-06840,deep_moonquake_assigned,S14,MH1;MH2;SHZ,MH1;MH2;SHZ,,,usable_integrity
2,levent-06862,natural_impact,S14,SHZ,SHZ,,,usable_integrity
2,levent-06910,natural_impact,S14,MH1;MH2;SHZ,MH1;MH2;SHZ,,,usable_integrity
2,levent-06911,deep_moonquake_assigned,S14,MH1;MH2,MH1;MH2,,,usable_integrity
2,levent-06913,deep_moonquake_assigned,S14,MH1;MH2,MH1;MH2,,,usable_integrity
2,levent-06922,deep_moonquake_assigned,S14,MH1;MH2,MH1;MH2,,,usable_integrity
2,levent-06923,natural_impact,S14,MH1;MH2,MH1;MH2,,,usable_integrity
2,levent-06927,deep_moonquake_assigned,S14,MH1;MH2;SHZ,MH1;MH2;SHZ,,,usable_integrity
2,levent-06930,natural_impact,S14,MH1;MH2;SHZ,MH1;MH2;SHZ,,,usable_integrity
2,levent-06938,natural_impact,S14,MH1;MH2;SHZ,MH1;MH2;SHZ,,,usable_integrity
2,levent-06947,deep_moonquake_assigned,S14,MH1;MH2,MH1;MH2,,,usable_integrity
2,levent-06957,deep_moonquake_assigned,S14,MH1;MH2;SHZ,MH1;MH2;SHZ,,,usable_integrity
2,levent-07027,natural_impact,S14,MH1;MH2,MH1;MH2,,,usable_integrity
2,levent-07043,natural_impact,S14,MH1;MH2;SHZ,MH1;MH2;SHZ,,,usable_integrity
2,levent-07055,deep_moonquake_assigned,S14,MH1;MH2;SHZ,MH1;MH2;SHZ,,,usable_integrity
2,levent-07068,deep_moonquake_assigned,S14,MH1;MH2;SHZ,MH1;MH2;SHZ,,,usable_integrity
2,levent-07073,natural_impact,S14,MH1;MH2,MH1;MH2,,,usable_integrity
2,levent-07075,deep_moonquake_assigned,S14,MH1;MH2,MH1;MH2,,,usable_integrity
2,levent-07085,natural_impact,S14,MH1;MH2;SHZ,MH1;MH2;SHZ,,,usable_integrity
2,levent-07086,natural_impact,S14,MH1;MH2;SHZ,MH1;MH2;SHZ,,,usable_integrity
2,levent-07087,natural_impact,S14,MH1;MH2,MH1;MH2,,,usable_integrity
2,levent-07095,deep_moonquake_assigned,S14,MH1;MH2;SHZ,MH1;MH2;SHZ,,,usable_integrity
2,levent-07117,natural_impact,S14,MH1;MH2,MH1;MH2,,,usable_integrity
2,levent-07187,natural_impact,S14,MH1;MH2,MH1;MH2,,,usable_integrity
2,levent-07207,deep_moonquake_assigned,S14,MH1;MH2,MH1;MH2,,,usable_integrity
2,levent-07236,deep_moonquake_assigned,S14,MH1;MH2,MH1;MH2,,,usable_integrity
2,levent-07244,deep_moonquake_assigned,S14,MH1;MH2,MH1;MH2,,,usable_integrity
2,levent-07257,natural_impact,S14,MH1;MH2,MH1;MH2,,,usable_integrity
2,levent-07259,natural_impact,S14,SHZ,SHZ,,,usable_integrity
2,levent-07264,natural_impact,S14,MH1;MH2,MH1;MH2,,,usable_integrity
2,levent-07277,deep_moonquake_assigned,S14,MH1;MH2,MH1;MH2,,,usable_integrity
2,levent-07279,deep_moonquake_assigned,S14,MH1;MH2;SHZ,MH1;MH2;SHZ,,,usable_integrity
2,levent-07287,natural_impact,S14,MH1;MH2;SHZ,MH1;MH2;SHZ,,,usable_integrity
2,levent-07301,natural_impact,S14,MH1;MH2;SHZ,MH1;MH2;SHZ,,,usable_integrity
2,levent-07334,deep_moonquake_assigned,S14,MH1;MH2,MH1;MH2,,,usable_integrity
2,levent-07336,natural_impact,S14,MH1;MH2,MH1;MH2,,,usable_integrity
2,levent-07337,natural_impact,S14,MH1;MH2;SHZ,MH1;MH2;SHZ,,,usable_integrity
2,levent-07338,natural_impact,S14,MH1;MH2;SHZ,MH1;MH2;SHZ,,,usable_integrity
2,levent-07351,deep_moonquake_assigned,S14,MH1;MH2,MH1;MH2,,,usable_integrity
2,levent-07360,natural_impact,S14,MH1;MH2;SHZ,MH1;MH2;SHZ,,,usable_integrity
2,levent-07364,natural_impact,S14,MH1;MH2;SHZ,MH1;MH2;SHZ,,,usable_integrity
2,levent-07368,natural_impact,S14,MH1;MH2;SHZ,MH1;MH2;SHZ,,,usable_integrity
2,levent-07407,deep_moonquake_assigned,S14,MH1;MH2,MH1;MH2,,,usable_integrity
2,levent-07417,deep_moonquake_assigned,S14,MH1;MH2,MH1;MH2,,,usable_integrity
2,levent-07429,natural_impact,S14,MH1;MH2;SHZ,MH1;MH2;SHZ,,,usable_integrity
2,levent-07435,natural_impact,S14,MH1;MH2,MH1;MH2,,,usable_integrity
2,levent-07441,natural_impact,S14,SHZ,SHZ,,,usable_integrity
2,levent-07443,natural_impact,S14,MH1;MH2,MH1;MH2,,,usable_integrity
2,levent-07480,natural_impact,S14,MH1;MH2,MH1;MH2,,,usable_integrity
2,levent-07484,natural_impact,S14,MH1;MH2;SHZ,MH1;MH2;SHZ,,,usable_integrity
2,levent-07487,deep_moonquake_assigned,S14,MH1;MH2,MH1;MH2,,,usable_integrity
2,levent-07546,natural_impact,S14,MH1;MH2,MH1;MH2,,,usable_integrity
2,levent-07556,deep_moonquake_assigned,S14,MH1;MH2;SHZ,MH1;MH2;SHZ,,,usable_integrity
2,levent-07575,natural_impact,S14,MH1;MH2;SHZ,MH1;MH2;SHZ,,,usable_integrity
2,levent-07639,natural_impact,S14,MH1;MH2;SHZ,MH1;MH2;SHZ,,,usable_integrity
2,levent-07652,natural_impact,S14,MH1;MH2;SHZ,MH1;MH2;SHZ,,,usable_integrity
2,levent-07672,natural_impact,S14,MH1;MH2;SHZ,MH1;MH2;SHZ,,,usable_integrity
2,levent-07744,natural_impact,S14,MH1;MH2;SHZ,MH1;MH2;SHZ,,,usable_integrity
2,levent-07745,natural_impact,S14,MH1;MH2,MH1;MH2,,,usable_integrity
2,levent-07747,natural_impact,S14,MH1;MH2;SHZ,MH1;MH2;SHZ,,,usable_integrity
2,levent-07759,deep_moonquake_assigned,S14,MH1;MH2,MH1;MH2,,,usable_integrity
2,levent-07761,deep_moonquake_assigned,S14,MH1;MH2,MH1;MH2,,,usable_integrity
2,levent-07768,natural_impact,S14,MH1;MH2;SHZ,MH1;MH2;SHZ,,,usable_integrity
2,levent-07828,natural_impact,S14,MH1;MH2;SHZ,MH1;MH2;SHZ,,,usable_integrity
2,levent-07857,natural_impact,S14,MH1;MH2;SHZ,MH1;MH2;SHZ,,,usable_integrity
2,levent-07883,natural_impact,S14,MH1;MH2,MH1;MH2,,,usable_integrity
2,levent-07890,natural_impact,S14,MH1;MH2;SHZ,MH1;MH2;SHZ,,,usable_integrity
2,levent-07900,natural_impact,S14,MH1;MH2;SHZ,MH1;MH2;SHZ,,,usable_integrity
2,levent-07906,deep_moonquake_assigned,S14,MH1;MH2,MH1;MH2,,,usable_integrity
2,levent-07907,natural_impact,S14,MH1;MH2,MH1;MH2,,,usable_integrity
2,levent-07909,deep_moonquake_assigned,S14,MH1;MH2,MH1;MH2,,,usable_integrity
2,levent-07922,deep_moonquake_assigned,S14,MH1;MH2;SHZ,MH1;MH2;SHZ,,,usable_integrity
2,levent-07934,natural_impact,S14,MH1;MH2;SHZ,MH1;MH2;SHZ,,,usable_integrity
2,levent-07944,deep_moonquake_assigned,S14,MH2,MH2,,,usable_integrity
2,levent-07965,natural_impact,S14,MH1;MH2;SHZ,MH1;MH2;SHZ,,,usable_integrity
2,levent-07982,natural_impact,S14,MH1;MH2;SHZ,MH1;MH2;SHZ,,,usable_integrity
2,levent-07998,deep_moonquake_assigned,S14,MH1;MH2,MH1;MH2,,,usable_integrity
2,levent-08004,deep_moonquake_assigned,S14,MH1;MH2,MH1;MH2,,,usable_integrity
2,levent-08007,deep_moonquake_assigned,S14,MH1;MH2;SHZ,MH1;MH2;SHZ,,,usable_integrity
2,levent-08009,deep_moonquake_assigned,S14,MH1;MH2;SHZ,MH1;MH2;SHZ,,,usable_integrity
2,levent-08014,natural_impact,S14,MH1;MH2;SHZ,MH1;MH2;SHZ,,,usable_integrity
2,levent-08016,deep_moonquake_assigned,S14,MH1;MH2;SHZ,MH1;MH2;SHZ,,,usable_integrity
2,levent-08019,natural_impact,S14,MH1;MH2;SHZ,MH1;MH2;SHZ,,,usable_integrity
2,levent-08021,natural_impact,S14,MH1;MH2;SHZ,MH1;MH2;SHZ,,,usable_integrity
2,levent-08025,deep_moonquake_assigned,S14,MH1;MH2,MH1;MH2,,,usable_integrity
2,levent-08042,natural_impact,S14,MH1;MH2,MH1;MH2,,,usable_integrity
2,levent-08092,deep_moonquake_assigned,S14,MH1;MH2,MH1;MH2,,,usable_integrity
2,levent-08093,deep_moonquake_assigned,S14,MH1;MH2,MH1;MH2,,,usable_integrity
2,levent-08098,natural_impact,S14,MH1;MH2,MH1;MH2,,,usable_integrity
2,levent-08111,natural_impact,S14,SHZ,SHZ,,,usable_integrity
2,levent-08112,natural_impact,S14,SHZ,SHZ,,,usable_integrity
2,levent-08125,deep_moonquake_assigned,S14,MH1;MH2,MH1;MH2,,,usable_integrity
2,levent-08132,natural_impact,S14,MH1;MH2;SHZ,MH1;MH2;SHZ,,,usable_integrity
2,levent-08139,natural_impact,S14,MH1;MH2;SHZ,MH1;MH2;SHZ,,,usable_integrity
2,levent-08143,deep_moonquake_assigned,S14,MH1;MH2;SHZ,MH1;MH2;SHZ,,,usable_integrity
2,levent-08155,natural_impact,S14,MH1;MH2,MH1;MH2,,,usable_integrity
2,levent-08156,natural_impact,S14,MH1;MH2,MH1;MH2,,,usable_integrity
2,levent-08163,natural_impact,S14,SHZ,SHZ,,,usable_integrity
2,levent-08167,natural_impact,S14,MH1;MH2;SHZ,MH1;MH2;SHZ,,,usable_integrity
2,levent-08174,deep_moonquake_assigned,S14,MH1;MH2,MH1;MH2,,,usable_integrity
2,levent-08185,natural_impact,S14,MH1;MH2,MH1;MH2,,,usable_integrity
2,levent-08187,natural_impact,S14,MH1;MH2;SHZ,MH1;MH2;SHZ,,,usable_integrity
2,levent-08192,natural_impact,S14,MH1;MH2;SHZ,MH1;MH2;SHZ,,,usable_integrity
2,levent-08204,natural_impact,S14,SHZ,SHZ,,,usable_integrity
2,levent-08206,natural_impact,S14,MH1;MH2;SHZ,MH1;MH2;SHZ,,,usable_integrity
2,levent-08245,natural_impact,S14,MH1;MH2;SHZ,MH1;MH2;SHZ,,,usable_integrity
2,levent-08247,deep_moonquake_assigned,S14,MH1;MH2,MH1;MH2,,,usable_integrity
2,levent-08250,natural_impact,S14,MH1;MH2;SHZ,MH1;MH2;SHZ,,,usable_integrity
2,levent-08253,natural_impact,S14,MH1;MH2,MH1;MH2,,,usable_integrity
2,levent-08254,natural_impact,S14,MH1;MH2;SHZ,MH1;MH2;SHZ,,,usable_integrity
2,levent-08262,natural_impact,S14,MH1;MH2;SHZ,MH1;MH2;SHZ,,,usable_integrity
2,levent-08263,natural_impact,S14,MH1;MH2;SHZ,MH1;MH2;SHZ,,,usable_integrity
2,levent-08276,deep_moonquake_assigned,S14,MH1;MH2,MH1;MH2,,,usable_integrity
2,levent-08277,deep_moonquake_assigned,S14,MH1;MH2,MH1;MH2,,,usable_integrity
2,levent-08279,deep_moonquake_assigned,S14,MH1;MH2,MH1;MH2,,,usable_integrity
2,levent-08296,natural_impact,S14,MH1;MH2;SHZ,MH1;MH2;SHZ,,,usable_integrity
2,levent-08297,deep_moonquake_assigned,S14,MH1;MH2,MH1;MH2,,,usable_integrity
2,levent-08323,natural_impact,S14,MH1;MH2;SHZ,MH1;MH2;SHZ,,,usable_integrity
2,levent-08325,natural_impact,S14,MH2;SHZ,MH2;SHZ,,,usable_integrity
2,levent-08347,natural_impact,S14,MH1;MH2,MH1;MH2,,,usable_integrity
2,levent-08376,deep_moonquake_assigned,S14,MH1;MH2,MH1;MH2,,,usable_integrity
2,levent-08390,natural_impact,S14,MH1;MH2;SHZ,MH1;MH2;SHZ,,,usable_integrity
2,levent-08406,deep_moonquake_assigned,S14,MH2,MH2,,,usable_integrity
2,levent-08418,deep_moonquake_assigned,S14,MH2,MH2,,,usable_integrity
2,levent-08421,deep_moonquake_assigned,S14,MH2;SHZ,MH2;SHZ,,,usable_integrity
2,levent-08427,natural_impact,S14,MH2;SHZ,MH2;SHZ,,,usable_integrity
2,levent-08460,natural_impact,S14,MH1;MH2;SHZ,MH1;MH2;SHZ,,,usable_integrity
2,levent-08480,deep_moonquake_assigned,S14,MH1;MH2,MH1;MH2,,,usable_integrity
2,levent-08527,natural_impact,S14,MH1;MH2;SHZ,MH1;MH2;SHZ,,,usable_integrity
2,levent-08529,deep_moonquake_assigned,S14,MH2,MH2,,,usable_integrity
2,levent-08545,natural_impact,S14,MH1;MH2;SHZ,,,MH1;MH2;SHZ,reject_integrity
2,levent-08560,natural_impact,S14,MH1;MH2;SHZ,MH1;MH2;SHZ,,,usable_integrity
2,levent-08568,natural_impact,S14,MH1;MH2,MH1;MH2,,,usable_integrity
2,levent-08569,natural_impact,S14,MH1;MH2;SHZ,MH1;MH2;SHZ,,,usable_integrity
2,levent-08588,natural_impact,S14,MH1;MH2;SHZ,MH1;MH2;SHZ,,,usable_integrity
2,levent-08601,natural_impact,S14,MH1;MH2;SHZ,MH1;MH2;SHZ,,,usable_integrity
2,levent-08606,deep_moonquake_assigned,S14,MH2,MH2,,,usable_integrity
2,levent-08615,deep_moonquake_assigned,S14,MH2,MH2,,,usable_integrity
2,levent-08640,natural_impact,S14,SHZ,SHZ,,,usable_integrity
2,levent-08677,natural_impact,S14,MH1;MH2;SHZ,MH1;MH2;SHZ,,,usable_integrity
2,levent-08690,natural_impact,S14,MH1;MH2;SHZ,MH1;MH2;SHZ,,,usable_integrity
2,levent-08691,natural_impact,S14,MH1;MH2,MH1;MH2,,,usable_integrity
2,levent-08718,deep_moonquake_assigned,S14,MH1;MH2;SHZ,MH1;MH2;SHZ,,,usable_integrity
2,levent-08723,natural_impact,S14,MH2,MH2,,,usable_integrity
2,levent-08727,natural_impact,S14,MH2;SHZ,MH2;SHZ,,,usable_integrity
2,levent-08731,natural_impact,S14,MH2;SHZ,MH2;SHZ,,,usable_integrity
2,levent-08754,natural_impact,S14,MH1;MH2;SHZ,MH1;MH2;SHZ,,,usable_integrity
2,levent-08756,natural_impact,S14,MH1;MH2,MH1;MH2,,,usable_integrity
2,levent-08773,natural_impact,S14,MH1;MH2,MH1;MH2,,,usable_integrity
2,levent-08778,deep_moonquake_assigned,S14,MH1;MH2,MH1;MH2,,,usable_integrity
2,levent-08802,natural_impact,S14,MH1;MH2;SHZ,MH1;MH2;SHZ,,,usable_integrity
2,levent-08806,deep_moonquake_assigned,S14,MH1;MH2,MH1;MH2,,,usable_integrity
2,levent-08819,natural_impact,S14,MH1;MH2;SHZ,MH1;MH2;SHZ,,,usable_integrity
2,levent-08835,natural_impact,S14,MH1;MH2,MH1;MH2,,,usable_integrity
2,levent-08838,natural_impact,S14,MH2;SHZ,MH2;SHZ,,,usable_integrity
2,levent-08845,natural_impact,S14,MH1;MH2;SHZ,MH1;MH2;SHZ,,,usable_integrity
2,levent-08851,natural_impact,S14,MH1;MH2;SHZ,MH1;MH2;SHZ,,,usable_integrity
2,levent-08881,natural_impact,S14,MH1;MH2;SHZ,MH1;MH2;SHZ,,,usable_integrity
2,levent-08884,natural_impact,S14,MH1;MH2,MH1;MH2,,,usable_integrity
2,levent-08887,natural_impact,S14,MH1;MH2;SHZ,MH1;MH2;SHZ,,,usable_integrity
2,levent-08897,deep_moonquake_assigned,S14,MH1;MH2,MH1;MH2,,,usable_integrity
2,levent-08921,natural_impact,S14,SHZ,SHZ,,,usable_integrity
2,levent-08922,natural_impact,S14,MH2;SHZ,MH2;SHZ,,,usable_integrity
2,levent-08927,natural_impact,S14,MH1;MH2;SHZ,MH1;MH2;SHZ,,,usable_integrity
2,levent-08936,deep_moonquake_assigned,S14,MH1;MH2;SHZ,MH1;MH2;SHZ,,,usable_integrity
2,levent-08958,deep_moonquake_assigned,S14,MH1;MH2,MH1;MH2,,,usable_integrity
2,levent-08977,natural_impact,S14,MH1;MH2;SHZ,MH1;MH2;SHZ,,,usable_integrity
2,levent-08979,deep_moonquake_assigned,S14,MH1;MH2,MH1;MH2,,,usable_integrity
2,levent-08987,natural_impact,S14,MH1;MH2,MH1;MH2,,,usable_integrity
2,levent-08993,deep_moonquake_assigned,S14,MH2,MH2,,,usable_integrity
2,levent-08998,natural_impact,S14,MH1;MH2,MH1;MH2,,,usable_integrity
2,levent-09008,natural_impact,S14,MH1;MH2,MH1;MH2,,,usable_integrity
2,levent-09009,deep_moonquake_assigned,S14,MH2,MH2,,,usable_integrity
2,levent-09023,deep_moonquake_assigned,S14,MH1;MH2;SHZ,MH1;MH2;SHZ,,,usable_integrity
2,levent-09025,deep_moonquake_assigned,S14,MH1;MH2,MH1;MH2,,,usable_integrity
2,levent-09067,natural_impact,S14,MH1;MH2;SHZ,MH1;MH2;SHZ,,,usable_integrity
2,levent-09075,natural_impact,S14,MH1;MH2;SHZ,MH1;MH2;SHZ,,,usable_integrity
2,levent-09101,natural_impact,S14,MH1;MH2;SHZ,MH1;MH2;SHZ,,,usable_integrity
2,levent-09121,natural_impact,S14,MH1;MH2;SHZ,MH1;MH2;SHZ,,,usable_integrity
2,levent-09124,natural_impact,S14,MH2;SHZ,MH2;SHZ,,,usable_integrity
2,levent-09127,deep_moonquake_assigned,S14,MH2,MH2,,,usable_integrity
2,levent-09129,deep_moonquake_assigned,S14,MH2,MH2,,,usable_integrity
2,levent-09130,deep_moonquake_assigned,S14,MH1;MH2;SHZ,MH1;MH2;SHZ,,,usable_integrity
2,levent-09135,natural_impact,S14,MH1;MH2;SHZ,MH1;MH2;SHZ,,,usable_integrity
2,levent-09138,natural_impact,S14,MH1;MH2,MH1;MH2,,,usable_integrity
2,levent-09148,natural_impact,S14,MH1;MH2;SHZ,MH1;MH2;SHZ,,,usable_integrity
2,levent-09152,deep_moonquake_assigned,S14,MH2,MH2,,,usable_integrity
2,levent-09154,natural_impact,S14,MH1;MH2;SHZ,MH1;MH2;SHZ,,,usable_integrity
2,levent-09156,deep_moonquake_assigned,S14,MH2,MH2,,,usable_integrity
2,levent-09169,natural_impact,S14,SHZ,SHZ,,,usable_integrity
2,levent-09172,natural_impact,S14,MH2;SHZ,MH2;SHZ,,,usable_integrity
2,levent-09193,natural_impact,S14,MH2,MH2,,,usable_integrity
2,levent-09204,deep_moonquake_assigned,S14,MH2,MH2,,,usable_integrity
2,levent-09205,deep_moonquake_assigned,S14,MH2,MH2,,,usable_integrity
2,levent-09206,deep_moonquake_assigned,S14,MH2,MH2,,,usable_integrity
2,levent-09207,deep_moonquake_assigned,S14,MH2,MH2,,,usable_integrity
2,levent-09211,natural_impact,S14,MH1;MH2;SHZ,MH1;MH2;SHZ,,,usable_integrity
2,levent-09215,deep_moonquake_assigned,S14,MH2,MH2,,,usable_integrity
2,levent-09220,natural_impact,S14,MH2,MH2,,,usable_integrity
2,levent-09232,deep_moonquake_assigned,S14,MH2,MH2,,,usable_integrity
2,levent-09252,natural_impact,S14,MH2,MH2,,,usable_integrity
2,levent-09260,natural_impact,S14,MH2;SHZ,MH2;SHZ,,,usable_integrity
2,levent-09268,deep_moonquake_assigned,S14,MH2,MH2,,,usable_integrity
2,levent-09276,deep_moonquake_assigned,S14,MH2,MH2,,,usable_integrity
2,levent-09277,deep_moonquake_assigned,S14,MH2,MH2,,,usable_integrity
2,levent-09285,natural_impact,S14,MH1;MH2;SHZ,MH1;MH2;SHZ,,,usable_integrity
2,levent-09321,natural_impact,S14,MH1;MH2;SHZ,MH1;MH2;SHZ,,,usable_integrity
2,levent-09325,deep_moonquake_assigned,S14,MH2,MH2,,,usable_integrity
2,levent-09332,natural_impact,S14,MH2,MH2,,,usable_integrity
2,levent-09348,natural_impact,S14,MH2,MH2,,,usable_integrity
2,levent-09360,natural_impact,S14,MH2,MH2,,,usable_integrity
2,levent-09378,natural_impact,S14,MH1;MH2;SHZ,MH1;MH2;SHZ,,,usable_integrity
2,levent-09390,natural_impact,S14,MH2,MH2,,,usable_integrity
2,levent-09398,natural_impact,S14,MH1;MH2;SHZ,MH1;MH2;SHZ,,,usable_integrity
2,levent-09405,natural_impact,S14,MH1;MH2;SHZ,MH1;MH2;SHZ,,,usable_integrity
2,levent-09449,deep_moonquake_assigned,S14,MH2,MH2,,,usable_integrity
2,levent-09467,natural_impact,S14,MH2;SHZ,MH2;SHZ,,,usable_integrity
2,levent-09507,deep_moonquake_assigned,S14,MH2,MH2,,,usable_integrity
2,levent-09514,deep_moonquake_assigned,S14,MH2,MH2,,,usable_integrity
2,levent-09526,natural_impact,S14,MH1;MH2;SHZ,MH1;MH2;SHZ,,,usable_integrity
2,levent-09548,natural_impact,S14,MH1;MH2;SHZ,,,MH1;MH2;SHZ,reject_integrity
2,levent-09564,deep_moonquake_assigned,S14,MH2;SHZ,MH2;SHZ,,,usable_integrity
2,levent-09574,natural_impact,S14,MH2,MH2,,,usable_integrity
2,levent-09579,deep_moonquake_assigned,S14,MH2,MH2,,,usable_integrity
2,levent-09589,natural_impact,S14,MH1;MH2;SHZ,MH1;MH2;SHZ,,,usable_integrity
2,levent-09599,deep_moonquake_assigned,S14,MH2,MH2,,,usable_integrity
2,levent-09602,deep_moonquake_assigned,S14,MH2,MH2,,,usable_integrity
2,levent-09603,deep_moonquake_assigned,S14,MH2,MH2,,,usable_integrity
2,levent-09609,deep_moonquake_assigned,S14,MH2,MH2,,,usable_integrity
2,levent-09623,natural_impact,S14,MH2,MH2,,,usable_integrity
2,levent-09632,natural_impact,S14,MH2,MH2,,,usable_integrity
2,levent-09645,natural_impact,S14,MH1;MH2;SHZ,MH1;MH2;SHZ,,,usable_integrity
2,levent-09649,natural_impact,S14,MH2,MH2,,,usable_integrity
2,levent-09666,deep_moonquake_assigned,S14,MH2;SHZ,MH2;SHZ,,,usable_integrity
2,levent-09671,deep_moonquake_assigned,S14,MH2,MH2,,,usable_integrity
2,levent-09674,deep_moonquake_assigned,S14,MH2,MH2,,,usable_integrity
2,levent-09680,deep_moonquake_assigned,S14,MH1;MH2;SHZ,MH1;MH2;SHZ,,,usable_integrity
2,levent-09693,natural_impact,S14,MH2,MH2,,,usable_integrity
2,levent-09694,deep_moonquake_assigned,S14,MH2,MH2,,,usable_integrity
2,levent-09699,deep_moonquake_assigned,S14,MH2,MH2,,,usable_integrity
2,levent-09701,deep_moonquake_assigned,S14,MH2,MH2,,,usable_integrity
2,levent-09705,natural_impact,S14,MH2,MH2,,,usable_integrity
2,levent-09712,natural_impact,S14,MH2,MH2,,,usable_integrity
2,levent-09757,deep_moonquake_assigned,S14,MH2,MH2,,,usable_integrity
2,levent-09768,deep_moonquake_assigned,S14,MH2;SHZ,MH2;SHZ,,,usable_integrity
2,levent-09775,deep_moonquake_assigned,S14,MH2,MH2,,,usable_integrity
2,levent-09776,deep_moonquake_assigned,S14,MH2,MH2,,,usable_integrity
2,levent-09790,deep_moonquake_assigned,S14,MH2,MH2,,,usable_integrity
2,levent-09795,deep_moonquake_assigned,S14,MH2,MH2,,,usable_integrity
2,levent-09796,natural_impact,S14,MH1;MH2;SHZ,MH1;MH2;SHZ,,,usable_integrity
2,levent-09800,deep_moonquake_assigned,S14,MH2,MH2,,,usable_integrity
2,levent-09833,natural_impact,S14,MH1;MH2;SHZ,MH1;MH2;SHZ,,,usable_integrity
2,levent-09834,natural_impact,S14,MH2,MH2,,,usable_integrity
2,levent-09860,natural_impact,S14,MH2;SHZ,MH2;SHZ,,,usable_integrity
2,levent-09865,deep_moonquake_assigned,S14,MH2,MH2,,,usable_integrity
2,levent-09867,deep_moonquake_assigned,S14,MH2,MH2,,,usable_integrity
2,levent-09883,natural_impact,S14,MH2,MH2,,,usable_integrity
2,levent-09896,natural_impact,S14,MH2,MH2,,,usable_integrity
2,levent-09903,natural_impact,S14,MH1;MH2;SHZ,MH1;MH2;SHZ,,,usable_integrity
2,levent-09964,deep_moonquake_assigned,S14,MH2,MH2,,,usable_integrity
2,levent-09994,deep_moonquake_assigned,S14,MH2,MH2,,,usable_integrity
2,levent-10013,natural_impact,S14,MH2,MH2,,,usable_integrity
2,levent-10148,deep_moonquake_assigned,S14,MH1;MH2,MH1;MH2,,,usable_integrity
2,levent-10154,deep_moonquake_assigned,S14,MH1;MH2,MH1;MH2,,,usable_integrity
2,levent-10156,deep_moonquake_assigned,S14,MH1;MH2;SHZ,MH1;MH2;SHZ,,,usable_integrity
2,levent-10189,deep_moonquake_assigned,S14,MH1;MH2;SHZ,MH1;MH2;SHZ,,,usable_integrity
2,levent-10191,deep_moonquake_assigned,S14,MH1;MH2;SHZ,MH1;MH2;SHZ,,,usable_integrity
2,levent-10194,natural_impact,S14,MH1;MH2;SHZ,MH1;MH2;SHZ,,,usable_integrity
2,levent-10217,deep_moonquake_assigned,S14,MH1;MH2,MH1;MH2,,,usable_integrity
2,levent-10221,natural_impact,S14,MH1;MH2,MH1;MH2,,,usable_integrity
2,levent-10228,deep_moonquake_assigned,S14,MH1;MH2,MH1;MH2,,,usable_integrity
2,levent-10231,natural_impact,S14,MH1;MH2,MH1;MH2,,,usable_integrity
2,levent-10238,deep_moonquake_assigned,S14,MH1;MH2,MH1;MH2,,,usable_integrity
2,levent-10243,deep_moonquake_assigned,S14,MH1;MH2,MH1;MH2,,,usable_integrity
2,levent-10245,deep_moonquake_assigned,S14,MH1;MH2;SHZ,MH1;MH2;SHZ,,,usable_integrity
2,levent-10250,deep_moonquake_assigned,S14,MH1;MH2,,,MH1;MH2,reject_integrity
2,levent-10533,deep_moonquake_assigned,S14,MH2,MH2,,,usable_integrity
2,levent-10542,deep_moonquake_assigned,S14,MH1;MH2;SHZ,MH1;MH2;SHZ,,,usable_integrity
2,levent-10548,deep_moonquake_assigned,S14,MH1;MH2,,,MH1;MH2,reject_integrity
2,levent-10550,natural_impact,S14,MH1;MH2;SHZ,SHZ,,MH1;MH2,usable_integrity
2,levent-10551,natural_impact,S14,SHZ,SHZ,,,usable_integrity
2,levent-10552,natural_impact,S14,SHZ,SHZ,,,usable_integrity
2,levent-10564,natural_impact,S14,SHZ,SHZ,,,usable_integrity
2,levent-10579,deep_moonquake_assigned,S14,SHZ,SHZ,,,usable_integrity
2,levent-10588,deep_moonquake_assigned,S14,SHZ,SHZ,,,usable_integrity
2,levent-10589,deep_moonquake_assigned,S14,SHZ,SHZ,,,usable_integrity
2,levent-10592,deep_moonquake_assigned,S14,SHZ,SHZ,,,usable_integrity
2,levent-10685,deep_moonquake_assigned,S14,SHZ,SHZ,,,usable_integrity
2,levent-10710,natural_impact,S14,SHZ,SHZ,,,usable_integrity
2,levent-10712,natural_impact,S14,SHZ,SHZ,,,usable_integrity
2,levent-10725,deep_moonquake_assigned,S14,SHZ,SHZ,,,usable_integrity
2,levent-10744,natural_impact,S14,SHZ,SHZ,,,usable_integrity
2,levent-10748,deep_moonquake_assigned,S14,SHZ,SHZ,,,usable_integrity
2,levent-10749,natural_impact,S14,SHZ,SHZ,,,usable_integrity
2,levent-10751,deep_moonquake_assigned,S14,SHZ,SHZ,,,usable_integrity
2,levent-10802,deep_moonquake_assigned,S14,SHZ,SHZ,,,usable_integrity
2,levent-10849,deep_moonquake_assigned,S14,SHZ,SHZ,,,usable_integrity
2,levent-10867,deep_moonquake_assigned,S14,SHZ,SHZ,,,usable_integrity
2,levent-10890,deep_moonquake_assigned,S14,SHZ,SHZ,,,usable_integrity
2,levent-10896,deep_moonquake_assigned,S14,SHZ,SHZ,,,usable_integrity
2,levent-10927,natural_impact,S14,SHZ,SHZ,,,usable_integrity
2,levent-10943,natural_impact,S14,SHZ,SHZ,,,usable_integrity
2,levent-10948,natural_impact,S14,SHZ,SHZ,,,usable_integrity
2,levent-10957,natural_impact,S14,SHZ,SHZ,,,usable_integrity
2,levent-10966,deep_moonquake_assigned,S14,SHZ,SHZ,,,usable_integrity
2,levent-10971,natural_impact,S14,SHZ,SHZ,,,usable_integrity
2,levent-10974,natural_impact,S14,SHZ,SHZ,,,usable_integrity
2,levent-10985,deep_moonquake_assigned,S14,SHZ,SHZ,,,usable_integrity
2,levent-11008,natural_impact,S14,SHZ,SHZ,,,usable_integrity
2,levent-11011,deep_moonquake_assigned,S14,SHZ,SHZ,,,usable_integrity
2,levent-11020,deep_moonquake_assigned,S14,SHZ,SHZ,,,usable_integrity
2,levent-11026,deep_moonquake_assigned,S14,SHZ,SHZ,,,usable_integrity
2,levent-11085,deep_moonquake_assigned,S14,SHZ,SHZ,,,usable_integrity
2,levent-11129,deep_moonquake_assigned,S14,SHZ,SHZ,,,usable_integrity
2,levent-11151,deep_moonquake_assigned,S14,SHZ,SHZ,,,usable_integrity
2,levent-11163,deep_moonquake_assigned,S14,SHZ,SHZ,,,usable_integrity
2,levent-11172,natural_impact,S14,SHZ,SHZ,,,usable_integrity
2,levent-11346,natural_impact,S14,SHZ,SHZ,,,usable_integrity
2,levent-11383,deep_moonquake_assigned,S14,MH1;MH2;SHZ,,SHZ,MH1;MH2,questionable_integrity
2,levent-11389,deep_moonquake_assigned,S14,MH2,MH2,,,usable_integrity
2,levent-11400,deep_moonquake_assigned,S14,MH1;MH2;MHZ;SHZ,MH1;MH2;MHZ;SHZ,,,usable_integrity
2,levent-11404,natural_impact,S14,MH2,MH2,,,usable_integrity
2,levent-11412,natural_impact,S14,MH1;MH2;MHZ;SHZ,MH1;MH2;MHZ;SHZ,,,usable_integrity
2,levent-11418,natural_impact,S14,MH1;MH2;SHZ,MH1;MH2;SHZ,,,usable_integrity
2,levent-11439,deep_moonquake_assigned,S14,MH1;MH2;MHZ,MH1;MH2;MHZ,,,usable_integrity
2,levent-11474,deep_moonquake_assigned,S14,MH1;MH2;MHZ;SHZ,MH1;MH2;MHZ;SHZ,,,usable_integrity
2,levent-11500,deep_moonquake_assigned,S14,MH1;MHZ;SHZ,MH1;MHZ;SHZ,,,usable_integrity
2,levent-11525,deep_moonquake_assigned,S14,MH1;MH2;MHZ;SHZ,MH1;MH2;MHZ;SHZ,,,usable_integrity
2,levent-11548,natural_impact,S14,SHZ,SHZ,,,usable_integrity
2,levent-11549,deep_moonquake_assigned,S14,MH1;MH2;MHZ;SHZ,MH1;MH2;MHZ;SHZ,,,usable_integrity
2,levent-11572,natural_impact,S14,MH2;SHZ,MH2;SHZ,,,usable_integrity
2,levent-11604,natural_impact,S14,MH1;MH2,MH1;MH2,,,usable_integrity
2,levent-11615,natural_impact,S14,MH1;MH2,MH1;MH2,,,usable_integrity
2,levent-11625,deep_moonquake_assigned,S14,MH1;MH2;MHZ;SHZ,MH1;MH2;MHZ;SHZ,,,usable_integrity
2,levent-11626,deep_moonquake_assigned,S14,MH1;MH2;MHZ;SHZ,MH1;MH2;MHZ;SHZ,,,usable_integrity
2,levent-11636,natural_impact,S14,MH1;MH2;MHZ;SHZ,MH1;MH2;MHZ;SHZ,,,usable_integrity
2,levent-11652,natural_impact,S14,MH1;MH2;MHZ,MH1;MH2;MHZ,,,usable_integrity
2,levent-11663,natural_impact,S14,MH1;MH2;MHZ;SHZ,MH1;MH2;MHZ;SHZ,,,usable_integrity
2,levent-11676,deep_moonquake_assigned,S14,MH1;MH2;MHZ;SHZ,MH1;MH2;MHZ;SHZ,,,usable_integrity
2,levent-11707,natural_impact,S14,MH1;MH2;MHZ;SHZ,MH1;MH2;MHZ;SHZ,,,usable_integrity
2,levent-11714,natural_impact,S14,MH2;SHZ,MH2;SHZ,,,usable_integrity
2,levent-11728,natural_impact,S14,MH1;MH2;MHZ;SHZ,MH1;MH2;MHZ;SHZ,,,usable_integrity
2,levent-11739,deep_moonquake_assigned,S14,MH1;MH2;MHZ;SHZ,MH1;MH2;MHZ;SHZ,,,usable_integrity
2,levent-11744,natural_impact,S14,MH1;MH2;MHZ;SHZ,MH1;MH2;MHZ;SHZ,,,usable_integrity
2,levent-11769,natural_impact,S14,MH1;MH2;MHZ;SHZ,MH1;MH2;MHZ;SHZ,,,usable_integrity
2,levent-11774,deep_moonquake_assigned,S14,MH2;SHZ,MH2;SHZ,,,usable_integrity
2,levent-11805,deep_moonquake_assigned,S14,MH2,MH2,,,usable_integrity
2,levent-11809,natural_impact,S14,MH1;MH2;MHZ;SHZ,MH1;MH2;MHZ;SHZ,,,usable_integrity
2,levent-11811,natural_impact,S14,MH2;SHZ,MH2;SHZ,,,usable_integrity
2,levent-11829,deep_moonquake_assigned,S14,MH1;MH2;MHZ,MH1;MH2;MHZ,,,usable_integrity
2,levent-11840,deep_moonquake_assigned,S14,MH1;MH2,MH1;MH2,,,usable_integrity
2,levent-11855,deep_moonquake_assigned,S14,MH1;MH2,MH1;MH2,,,usable_integrity
2,levent-11859,deep_moonquake_assigned,S14,MH1;MH2,MH1;MH2,,,usable_integrity
2,levent-11861,deep_moonquake_assigned,S14,MH1;MH2,MH1;MH2,,,usable_integrity
2,levent-11865,deep_moonquake_assigned,S14,MH1;MH2,MH1;MH2,,,usable_integrity
2,levent-11869,deep_moonquake_assigned,S14,MH1;MH2;MHZ,MH1;MH2;MHZ,,,usable_integrity
2,levent-11881,deep_moonquake_assigned,S14,MH1;MH2;MHZ;SHZ,MH1;MH2;MHZ;SHZ,,,usable_integrity
2,levent-11892,natural_impact,S14,MH1;MH2;MHZ;SHZ,MH1;MH2;MHZ;SHZ,,,usable_integrity
2,levent-11908,deep_moonquake_assigned,S14,MH1;MH2;MHZ,MH1;MH2;MHZ,,,usable_integrity
2,levent-11915,natural_impact,S14,MH1;MH2;MHZ;SHZ,MH1;MH2;MHZ;SHZ,,,usable_integrity
2,levent-11921,natural_impact,S14,MH1;MH2;SHZ,MH1;MH2;SHZ,,,usable_integrity
2,levent-11926,natural_impact,S14,MH1;MH2;MHZ;SHZ,MH1;MH2;MHZ;SHZ,,,usable_integrity
2,levent-11998,deep_moonquake_assigned,S14,MH1;MH2;MHZ,MH1;MH2;MHZ,,,usable_integrity
2,levent-12004,deep_moonquake_assigned,S14,MH1;MH2;MHZ;SHZ,MH1;MH2;MHZ;SHZ,,,usable_integrity
2,levent-12019,deep_moonquake_assigned,S14,MH1;MH2,MH1;MH2,,,usable_integrity
2,levent-12023,deep_moonquake_assigned,S14,MH1;MH2,MH1;MH2,,,usable_integrity
2,levent-12034,natural_impact,S14,MH1;MH2;MHZ;SHZ,MH1;MH2;MHZ;SHZ,,,usable_integrity
2,levent-12047,natural_impact,S14,MH1;MH2;MHZ;SHZ,MH1;MH2;MHZ;SHZ,,,usable_integrity
2,levent-12048,natural_impact,S14,MH1;MH2;MHZ;SHZ,MH1;MH2;MHZ;SHZ,,,usable_integrity
2,levent-12052,deep_moonquake_assigned,S14,MH1;MH2;SHZ,MH1;MH2;SHZ,,,usable_integrity
2,levent-12076,deep_moonquake_assigned,S14,MH1;MH2;MHZ;SHZ,MH1;MH2;MHZ;SHZ,,,usable_integrity
2,levent-12094,deep_moonquake_assigned,S14,MH1;MH2;MHZ,MH1;MH2;MHZ,,,usable_integrity
2,levent-12095,natural_impact,S14,MH1;MH2;MHZ;SHZ,MH1;MH2;MHZ;SHZ,,,usable_integrity
2,levent-12106,deep_moonquake_assigned,S14,MH1;MH2;MHZ;SHZ,MH1;MH2;MHZ;SHZ,,,usable_integrity
2,levent-12122,natural_impact,S14,MH1;MH2;MHZ;SHZ,MH1;MH2;MHZ;SHZ,,,usable_integrity
2,levent-12131,deep_moonquake_assigned,S14,MH1;MH2;MHZ;SHZ,MH1;MH2;MHZ;SHZ,,,usable_integrity
2,levent-12156,deep_moonquake_unclassified,S14,MH1;MH2;MHZ;SHZ,MH1;MH2;MHZ;SHZ,,,usable_integrity
2,levent-12262,natural_impact,S14,MH1;MH2,MH1;MH2,,,usable_integrity
2,levent-12269,deep_moonquake_assigned,S14,MH1,MH1,,,usable_integrity
2,levent-12270,natural_impact,S14,MH1;MH2;SHZ,MH1;MH2;SHZ,,,usable_integrity
2,levent-12272,deep_moonquake_assigned,S14,MH1;MH2;MHZ,MH1;MH2;MHZ,,,usable_integrity
2,levent-12275,natural_impact,S14,MH1;MH2;MHZ;SHZ,MH1;MH2;MHZ;SHZ,,,usable_integrity
2,levent-12294,natural_impact,S14,MH1;MH2;MHZ;SHZ,MH1;MH2;MHZ;SHZ,,,usable_integrity
2,levent-12300,deep_moonquake_assigned,S14,MH1;MH2;MHZ,MH1;MH2;MHZ,,,usable_integrity
2,levent-12301,deep_moonquake_assigned,S14,MH1;MH2;MHZ;SHZ,MH1;MH2;MHZ;SHZ,,,usable_integrity
2,levent-12302,deep_moonquake_assigned,S14,MH1;MH2,MH1;MH2,,,usable_integrity
2,levent-12312,deep_moonquake_assigned,S14,MH1;MH2,MH1;MH2,,,usable_integrity
2,levent-12314,deep_moonquake_assigned,S14,MH1;MH2,MH1;MH2,,,usable_integrity
2,levent-12321,deep_moonquake_assigned,S14,MH1;MH2,MH1;MH2,,,usable_integrity
2,levent-12331,deep_moonquake_assigned,S14,MH1;MH2;MHZ,MH1;MH2;MHZ,,,usable_integrity
2,levent-12332,deep_moonquake_assigned,S14,MH1;MH2,MH1;MH2,,,usable_integrity
2,levent-12338,deep_moonquake_assigned,S14,MH1;MH2;MHZ;SHZ,MH1;MH2;MHZ;SHZ,,,usable_integrity
2,levent-12350,deep_moonquake_assigned,S14,MH2;MHZ,MH2;MHZ,,,usable_integrity
2,levent-12358,natural_impact,S14,MH2;SHZ,MH2;SHZ,,,usable_integrity
2,levent-12369,deep_moonquake_assigned,S14,MH2;MHZ,MH2;MHZ,,,usable_integrity
2,levent-12372,deep_moonquake_assigned,S14,MH2,MH2,,,usable_integrity
2,levent-12388,deep_moonquake_assigned,S14,MH1;MH2;MHZ,MH1;MH2;MHZ,,,usable_integrity
2,levent-12392,deep_moonquake_assigned,S14,MH1;MH2;MHZ,MH1;MH2;MHZ,,,usable_integrity
2,levent-12402,deep_moonquake_assigned,S14,MH1;MH2;SHZ,MH1;MH2;SHZ,,,usable_integrity
2,levent-12405,deep_moonquake_assigned,S14,MH1;MH2;MHZ,MH1;MH2;MHZ,,,usable_integrity
2,levent-12408,deep_moonquake_assigned,S14,MH1;MH2,MH1;MH2,,,usable_integrity
2,levent-12431,natural_impact,S14,MH1;MH2,MH1;MH2,,,usable_integrity
2,levent-12436,deep_moonquake_assigned,S14,MH1;MH2;MHZ,MH1;MH2;MHZ,,,usable_integrity
2,levent-12460,deep_moonquake_assigned,S14,MH1;MH2,MH1;MH2,,,usable_integrity
2,levent-12465,deep_moonquake_assigned,S14,MH1,MH1,,,usable_integrity
2,levent-12467,deep_moonquake_assigned,S14,MH1,MH1,,,usable_integrity
2,levent-12476,deep_moonquake_assigned,S14,MH1;MH2;MHZ;SHZ,MH1;MH2;MHZ;SHZ,,,usable_integrity
2,levent-12486,deep_moonquake_assigned,S14,MH1;MH2,MH1;MH2,,,usable_integrity
2,levent-12492,deep_moonquake_assigned,S14,MH1;MH2;MHZ;SHZ,MH1;MH2;MHZ;SHZ,,,usable_integrity
2,levent-12493,deep_moonquake_assigned,S14,MH1;MH2;MHZ,MH1;MH2;MHZ,,,usable_integrity
2,levent-12496,deep_moonquake_assigned,S14,MH1;MH2,MH1;MH2,,,usable_integrity
2,levent-12502,deep_moonquake_assigned,S14,MH1;MH2;MHZ,MH1;MH2;MHZ,,,usable_integrity
2,levent-12508,deep_moonquake_assigned,S14,MH1;MH2;MHZ,MH1;MH2;MHZ,,,usable_integrity
2,levent-12532,deep_moonquake_assigned,S14,MH2,MH2,,,usable_integrity
2,levent-12535,deep_moonquake_assigned,S14,MH1;MH2;MHZ,MH1;MH2;MHZ,,,usable_integrity
2,levent-12536,deep_moonquake_assigned,S14,MH1;MH2;MHZ,MH1;MH2;MHZ,,,usable_integrity
2,levent-12537,deep_moonquake_assigned,S14,MH1;MH2;MHZ,MH1;MH2;MHZ,,,usable_integrity
2,levent-12550,deep_moonquake_assigned,S14,MH1;MH2,MH1;MH2,,,usable_integrity
2,levent-12559,deep_moonquake_assigned,S14,MH1;MH2,MH1;MH2,,,usable_integrity
2,levent-12560,deep_moonquake_assigned,S14,MH2,MH2,,,usable_integrity
2,levent-12575,deep_moonquake_assigned,S14,MH1;MH2,MH1;MH2,,,usable_integrity
2,levent-12584,natural_impact,S14,MH1;MH2,MH1;MH2,,,usable_integrity
2,levent-12587,natural_impact,S14,MH1;MH2;SHZ,MH1;MH2;SHZ,,,usable_integrity
2,levent-12611,natural_impact,S14,MH1;MH2;SHZ,MH1;MH2;SHZ,,,usable_integrity
2,levent-12632,deep_moonquake_assigned,S14,MH1;MH2;SHZ,MH1;MH2;SHZ,,,usable_integrity
2,levent-12658,deep_moonquake_assigned,S14,MH1;MH2,MH1;MH2,,,usable_integrity
2,levent-12659,deep_moonquake_assigned,S14,MH1;MH2,MH1;MH2,,,usable_integrity
2,levent-12672,deep_moonquake_assigned,S14,MH1;MH2;SHZ,MH1;MH2;SHZ,,,usable_integrity
2,levent-12673,deep_moonquake_assigned,S14,MH1;MH2,MH1;MH2,,,usable_integrity
2,levent-12678,natural_impact,S14,MH1;MH2;SHZ,MH1;MH2;SHZ,,,usable_integrity
2,levent-12706,deep_moonquake_assigned,S14,MH1;MH2,MH1;MH2,,,usable_integrity
2,levent-12727,deep_moonquake_assigned,S14,MH1;MH2;SHZ,MH1;MH2;SHZ,,,usable_integrity
2,levent-12738,deep_moonquake_assigned,S14,MH2,MH2,,,usable_integrity
2,levent-12784,natural_impact,S14,MH1;MH2,MH1;MH2,,,usable_integrity
2,levent-12819,deep_moonquake_assigned,S14,MH2,MH2,,,usable_integrity
2,levent-12820,deep_moonquake_assigned,S14,MH2,MH2,,,usable_integrity
2,levent-12821,deep_moonquake_assigned,S14,MH1;MH2,MH1;MH2,,,usable_integrity
2,levent-12827,deep_moonquake_assigned,S14,MH1;MH2,MH1;MH2,,,usable_integrity
2,levent-12834,deep_moonquake_assigned,S14,MH2,MH2,,,usable_integrity
2,levent-12842,natural_impact,S14,MH1;MH2;SHZ,MH1;MH2;SHZ,,,usable_integrity
2,levent-12849,deep_moonquake_assigned,S14,MH2,MH2,,,usable_integrity
2,levent-12855,deep_moonquake_assigned,S14,MH2,MH2,,,usable_integrity
2,levent-12874,deep_moonquake_assigned,S14,MH1;MH2;SHZ,MH1;MH2;SHZ,,,usable_integrity
2,levent-12908,natural_impact,S14,MH1;MH2,MH1;MH2,,,usable_integrity
2,levent-12937,natural_impact,S14,MH1,MH1,,,usable_integrity
2,levent-12968,deep_moonquake_assigned,S14,MH1;MH2,MH1;MH2,,,usable_integrity
2,levent-12981,deep_moonquake_assigned,S14,MH1;MH2,MH1;MH2,,,usable_integrity
2,levent-12983,deep_moonquake_assigned,S14,MH1;MH2,MH1;MH2,,,usable_integrity
2,levent-12998,deep_moonquake_assigned,S14,MH1;MH2,MH1;MH2,,,usable_integrity
2,levent-13006,natural_impact,S14,MH1;MH2;SHZ,MH1;MH2;SHZ,,,usable_integrity
2,levent-13008,deep_moonquake_assigned,S14,MH1;MH2;SHZ,MH1;MH2;SHZ,,,usable_integrity
2,levent-13018,deep_moonquake_assigned,S14,MH1;MH2,MH1;MH2,,,usable_integrity
2,levent-13019,deep_moonquake_assigned,S14,MH1;MH2,MH1;MH2,,,usable_integrity
2,levent-13020,natural_impact,S14,MH1;MH2;SHZ,MH1;MH2;SHZ,,,usable_integrity
2,levent-13029,natural_impact,S14,MH1;MH2,MH1;MH2,,,usable_integrity
2,levent-13055,natural_impact,S14,MH1;MH2;SHZ,MH1;MH2;SHZ,,,usable_integrity
